-- MySQL dump 10.13  Distrib 5.5.62, for Win64 (AMD64)
--
-- Host: 104.154.199.110    Database: leandropajarof
-- ------------------------------------------------------
-- Server version	5.7.25-google

/*!40101 SET @OLD_CHARACTER_SET_CLIENT=@@CHARACTER_SET_CLIENT */;
/*!40101 SET @OLD_CHARACTER_SET_RESULTS=@@CHARACTER_SET_RESULTS */;
/*!40101 SET @OLD_COLLATION_CONNECTION=@@COLLATION_CONNECTION */;
/*!40101 SET NAMES utf8 */;
/*!40103 SET @OLD_TIME_ZONE=@@TIME_ZONE */;
/*!40103 SET TIME_ZONE='+00:00' */;
/*!40014 SET @OLD_UNIQUE_CHECKS=@@UNIQUE_CHECKS, UNIQUE_CHECKS=0 */;
/*!40014 SET @OLD_FOREIGN_KEY_CHECKS=@@FOREIGN_KEY_CHECKS, FOREIGN_KEY_CHECKS=0 */;
/*!40101 SET @OLD_SQL_MODE=@@SQL_MODE, SQL_MODE='NO_AUTO_VALUE_ON_ZERO' */;
/*!40111 SET @OLD_SQL_NOTES=@@SQL_NOTES, SQL_NOTES=0 */;

--
-- Table structure for table `ciudad`
--

DROP TABLE IF EXISTS `ciudad`;
/*!40101 SET @saved_cs_client     = @@character_set_client */;
/*!40101 SET character_set_client = utf8 */;
CREATE TABLE `ciudad` (
  `id` int(11) NOT NULL,
  `ciudad` varchar(100) DEFAULT NULL,
  `departamento` varchar(100) DEFAULT NULL,
  PRIMARY KEY (`id`)
) ENGINE=InnoDB DEFAULT CHARSET=utf8;
/*!40101 SET character_set_client = @saved_cs_client */;

--
-- Dumping data for table `ciudad`
--

LOCK TABLES `ciudad` WRITE;
/*!40000 ALTER TABLE `ciudad` DISABLE KEYS */;
INSERT INTO `ciudad` VALUES (1,'Bogotá','Cundinamarca'),(2,'Medellín','Antioquia'),(3,'Cartagena','Bolívar'),(4,'Barranquilla','Atlántico');
/*!40000 ALTER TABLE `ciudad` ENABLE KEYS */;
UNLOCK TABLES;

--
-- Table structure for table `detalleoperacion`
--

DROP TABLE IF EXISTS `detalleoperacion`;
/*!40101 SET @saved_cs_client     = @@character_set_client */;
/*!40101 SET character_set_client = utf8 */;
CREATE TABLE `detalleoperacion` (
  `id` int(11) NOT NULL AUTO_INCREMENT,
  `tipoinmuebleid` int(11) DEFAULT NULL,
  `tipooperacionid` int(11) DEFAULT NULL,
  `ciudadid` int(11) DEFAULT NULL,
  `valoroperacion` decimal(12,2) DEFAULT NULL,
  `fechaoperacion` date DEFAULT NULL,
  `vendedorid` varchar(50) DEFAULT NULL,
  `impuestos` decimal(12,2) DEFAULT NULL,
  PRIMARY KEY (`id`),
  KEY `tipoi_fk` (`tipoinmuebleid`),
  KEY `tipoo_fk` (`tipooperacionid`),
  KEY `ciu_fk` (`ciudadid`),
  KEY `ven_fk` (`vendedorid`),
  CONSTRAINT `ciu_fk` FOREIGN KEY (`ciudadid`) REFERENCES `ciudad` (`id`),
  CONSTRAINT `detalleoperacion_FK` FOREIGN KEY (`vendedorid`) REFERENCES `vendedor` (`identificacion`),
  CONSTRAINT `tipoi_fk` FOREIGN KEY (`tipoinmuebleid`) REFERENCES `tipoinmueble` (`id`),
  CONSTRAINT `tipoo_fk` FOREIGN KEY (`tipooperacionid`) REFERENCES `tipooperacion` (`id`)
) ENGINE=InnoDB AUTO_INCREMENT=2008 DEFAULT CHARSET=utf8;
/*!40101 SET character_set_client = @saved_cs_client */;

--
-- Dumping data for table `detalleoperacion`
--

LOCK TABLES `detalleoperacion` WRITE;
/*!40000 ALTER TABLE `detalleoperacion` DISABLE KEYS */;
INSERT INTO `detalleoperacion` VALUES (1008,5,2,1,2133903.00,'2004-06-19','1236985',341424.48),(1009,3,2,2,1945424.00,'2004-04-19','76584239',311267.84),(1010,4,1,2,712416.00,'2004-11-08','96320582',113986.56),(1011,5,1,2,1815450.00,'2004-04-27','1257485369',290472.00),(1012,7,2,3,1138024.00,'2004-07-10','789325640',182083.84),(1013,2,1,2,953156.00,'2004-09-05','76584239',152504.96),(1014,5,1,3,406686.00,'2004-06-07','76584239',65069.76),(1015,4,2,2,2158475.00,'2004-10-31','1257485369',345356.00),(1016,6,1,1,1024380.00,'2004-12-28','1257485369',163900.80),(1017,5,2,1,2042768.00,'2004-10-06','96320582',326842.88),(1018,4,1,2,627068.00,'2004-10-28','76584239',100330.88),(1019,2,2,2,999328.00,'2004-04-05','1236985',159892.48),(1020,5,2,4,2937300.00,'2004-11-04','1257485369',469968.00),(1021,3,2,3,664700.00,'2004-10-01','1236985',106352.00),(1022,2,1,2,820336.00,'2004-11-29','76584239',131253.76),(1023,1,1,2,937960.00,'2004-11-21','1236985',150073.60),(1024,1,1,3,358846.00,'2004-10-08','1201474100',57415.36),(1025,7,2,4,1679605.00,'2004-06-06','1236985',268736.80),(1026,6,1,2,472615.00,'2004-04-09','1201474100',75618.40),(1027,4,1,4,1169496.00,'2004-08-19','789325640',187119.36),(1028,2,2,4,2020992.00,'2004-06-12','1236985',323358.72),(1029,4,1,1,727552.00,'2004-04-14','76584239',116408.32),(1030,1,1,2,1438929.00,'2004-04-21','1201474100',230228.64),(1031,4,1,3,427390.00,'2004-12-01','96320582',68382.40),(1032,4,1,4,1170684.00,'2004-05-23','1257485369',187309.44),(1033,3,1,3,549780.00,'2004-06-22','1257485369',87964.80),(1034,3,1,3,659330.00,'2004-12-23','76584239',105492.80),(1035,1,1,4,1660560.00,'2004-06-16','96320582',265689.60),(1036,1,1,3,753571.00,'2004-07-07','1201474100',120571.36),(1037,3,1,3,939072.00,'2004-08-04','1236985',150251.52),(1038,2,1,4,1405374.00,'2004-09-24','1257485369',224859.84),(1039,1,1,2,627348.00,'2004-04-12','789325640',100375.68),(1040,3,1,4,1504110.00,'2004-07-03','789325640',240657.60),(1041,1,2,4,2483197.00,'2004-11-01','789325640',397311.52),(1042,2,1,3,1799771.00,'2004-12-31','1201474100',287963.36),(1043,2,1,3,1054340.00,'2004-12-02','1201474100',168694.40),(1044,3,2,2,1160572.00,'2004-07-09','76584239',185691.52),(1045,7,1,3,1492800.00,'2004-12-08','96320582',238848.00),(1046,5,1,3,1154980.00,'2005-01-14','96320582',184796.80),(1047,4,2,2,1057784.00,'2004-07-22','1257485369',169245.44),(1048,6,2,4,1421860.00,'2004-09-23','1257485369',227497.60),(1049,4,2,3,1426992.00,'2004-11-20','1257485369',228318.72),(1050,4,1,2,579716.00,'2004-09-22','789325640',92754.56),(1051,1,2,2,1537062.00,'2004-12-16','789325640',245929.92),(1052,4,1,4,2851058.00,'2005-01-02','96320582',456169.28),(1053,4,1,1,1294048.00,'2004-10-29','1236985',207047.68),(1054,6,1,4,249418.00,'2004-08-11','1201474100',39906.88),(1055,2,2,4,1457488.00,'2004-07-06','1257485369',233198.08),(1056,3,2,2,321680.00,'2005-01-11','1257485369',51468.80),(1057,3,1,3,957625.00,'2004-11-13','1236985',153220.00),(1058,2,2,1,568620.00,'2004-12-14','96320582',90979.20),(1059,3,1,1,1605564.00,'2004-09-26','789325640',256890.24),(1060,7,1,3,1438748.00,'2004-10-17','1236985',230199.68),(1061,7,1,4,686996.00,'2004-05-30','1201474100',109919.36),(1062,3,2,2,983234.00,'2004-07-09','1236985',157317.44),(1063,6,2,1,239220.00,'2004-05-01','789325640',38275.20),(1064,4,1,1,512730.00,'2004-07-04','1236985',82036.80),(1065,3,1,2,2287626.00,'2004-12-21','789325640',366020.16),(1066,2,2,3,1373816.00,'2004-11-19','96320582',219810.56),(1067,4,1,1,1920240.00,'2004-06-28','1257485369',307238.40),(1068,1,2,3,1140840.00,'2004-09-12','1236985',182534.40),(1069,2,2,3,1142938.00,'2005-01-23','96320582',182870.08),(1070,6,2,4,738144.00,'2004-09-06','1201474100',118103.04),(1071,2,2,1,509010.00,'2004-10-13','789325640',81441.60),(1072,4,2,3,1436832.00,'2004-05-26','1201474100',229893.12),(1073,7,2,1,2119424.00,'2004-12-24','76584239',339107.84),(1074,2,1,4,948927.00,'2004-10-15','1257485369',151828.32),(1075,3,1,4,376992.00,'2004-06-28','1201474100',60318.72),(1076,3,2,2,2212408.00,'2004-10-09','789325640',353985.28),(1077,1,1,3,1647695.00,'2004-07-12','789325640',263631.20),(1078,1,2,2,1939925.00,'2004-11-01','1236985',310388.00),(1079,7,2,3,1478952.00,'2004-10-15','1236985',236632.32),(1080,5,1,4,320044.00,'2004-09-04','96320582',51207.04),(1081,2,2,2,1098055.00,'2004-10-22','96320582',175688.80),(1082,7,2,3,187862.00,'2004-08-14','1257485369',30057.92),(1083,7,1,3,1757106.00,'2004-12-28','76584239',281136.96),(1084,2,1,3,1104992.00,'2004-06-25','76584239',176798.72),(1085,6,2,1,448485.00,'2004-10-04','789325640',71757.60),(1086,5,2,4,2520484.00,'2004-11-27','1236985',403277.44),(1087,5,1,4,1339107.00,'2004-10-05','1236985',214257.12),(1088,2,1,4,1812244.00,'2004-11-17','76584239',289959.04),(1089,5,2,2,1069731.00,'2004-09-14','76584239',171156.96),(1090,7,2,1,471072.00,'2004-05-29','789325640',75371.52),(1091,6,2,4,470940.00,'2004-07-28','1236985',75350.40),(1092,3,1,4,925322.00,'2004-06-03','96320582',148051.52),(1093,6,2,2,2141700.00,'2005-01-08','1257485369',342672.00),(1094,2,1,4,778875.00,'2004-05-12','1201474100',124620.00),(1095,5,1,3,421196.00,'2004-10-10','76584239',67391.36),(1096,3,1,4,219716.00,'2004-09-27','1257485369',35154.56),(1097,7,2,2,2685816.00,'2004-07-24','76584239',429730.56),(1098,2,1,4,723609.00,'2004-12-16','96320582',115777.44),(1099,6,1,4,388032.00,'2004-05-06','1257485369',62085.12),(1100,2,1,3,922020.00,'2004-10-23','96320582',147523.20),(1101,2,1,4,965358.00,'2004-06-08','1201474100',154457.28),(1102,3,2,4,663816.00,'2004-05-23','96320582',106210.56),(1103,2,1,3,728931.00,'2005-02-05','1257485369',116628.96),(1104,7,2,3,625536.00,'2004-11-07','1257485369',100085.76),(1105,1,2,1,1467782.00,'2005-02-01','1236985',234845.12),(1106,2,1,2,2067236.00,'2004-12-22','789325640',330757.76),(1107,3,1,3,531375.00,'2004-06-23','1257485369',85020.00),(1108,7,1,2,710694.00,'2004-09-27','789325640',113711.04),(1109,3,2,4,438435.00,'2004-05-23','1201474100',70149.60),(1110,1,1,2,1188090.00,'2004-07-19','789325640',190094.40),(1111,4,2,3,699400.00,'2004-07-14','1201474100',111904.00),(1112,6,1,2,1854496.00,'2005-02-02','1201474100',296719.36),(1113,6,1,1,2105700.00,'2005-01-26','76584239',336912.00),(1114,7,1,2,1791318.00,'2004-12-13','1257485369',286610.88),(1115,7,1,3,1782297.00,'2004-12-20','96320582',285167.52),(1116,7,1,4,1528200.00,'2004-08-09','76584239',244512.00),(1117,5,2,4,1587642.00,'2004-12-20','1201474100',254022.72),(1118,7,1,3,954666.00,'2004-11-25','96320582',152746.56),(1119,3,1,1,1064800.00,'2004-09-22','76584239',170368.00),(1120,7,1,4,887241.00,'2005-01-02','1201474100',141958.56),(1121,7,2,2,806799.00,'2005-01-11','96320582',129087.84),(1122,2,2,3,438750.00,'2004-08-15','1236985',70200.00),(1123,5,2,2,973659.00,'2005-01-04','1257485369',155785.44),(1124,4,2,2,1724008.00,'2004-09-26','96320582',275841.28),(1125,4,2,2,2047276.00,'2004-09-10','1201474100',327564.16),(1126,5,2,1,307989.00,'2004-07-06','76584239',49278.24),(1127,6,2,3,973878.00,'2004-12-13','1257485369',155820.48),(1128,5,2,4,688864.00,'2004-12-06','1257485369',110218.24),(1129,1,1,4,1385910.00,'2005-02-05','76584239',221745.60),(1130,3,1,2,1461356.00,'2004-07-30','76584239',233816.96),(1131,7,1,3,926228.00,'2004-09-05','96320582',148196.48),(1132,2,2,2,1067192.00,'2004-08-25','1236985',170750.72),(1133,2,2,3,1373132.00,'2004-08-31','789325640',219701.12),(1134,2,2,4,1087119.00,'2004-05-29','1257485369',173939.04),(1135,1,2,3,1230190.00,'2005-01-04','1201474100',196830.40),(1136,5,1,1,1363926.00,'2005-01-08','1236985',218228.16),(1137,4,2,3,1389096.00,'2004-11-23','1201474100',222255.36),(1138,3,2,1,477345.00,'2004-09-04','1236985',76375.20),(1139,4,2,3,1268630.00,'2004-12-04','1257485369',202980.80),(1140,7,1,3,391964.00,'2004-11-14','76584239',62714.24),(1141,4,1,3,1765225.00,'2005-02-20','96320582',282436.00),(1142,3,2,1,229455.00,'2004-10-05','1257485369',36712.80),(1143,4,1,1,624435.00,'2004-06-24','96320582',99909.60),(1144,1,2,4,686154.00,'2005-01-19','76584239',109784.64),(1145,2,2,2,678480.00,'2004-12-28','1201474100',108556.80),(1146,3,1,3,533925.00,'2004-09-22','96320582',85428.00),(1147,6,2,4,1076034.00,'2004-06-02','789325640',172165.44),(1148,7,2,4,455477.00,'2004-12-31','96320582',72876.32),(1149,4,2,3,1128156.00,'2004-09-23','76584239',180504.96),(1150,4,1,3,1310520.00,'2004-12-28','789325640',209683.20),(1151,5,1,4,782870.00,'2004-11-19','76584239',125259.20),(1152,6,2,2,315550.00,'2004-10-14','76584239',50488.00),(1153,5,2,2,2028970.00,'2004-08-20','1201474100',324635.20),(1154,5,1,4,734388.00,'2004-05-28','96320582',117502.08),(1155,3,2,4,779241.00,'2004-05-30','789325640',124678.56),(1156,6,2,1,1492506.00,'2005-02-12','1201474100',238800.96),(1157,1,1,1,1800516.00,'2004-12-19','1257485369',288082.56),(1158,4,1,1,1259904.00,'2004-10-02','1201474100',201584.64),(1159,4,2,3,1063648.00,'2005-02-13','789325640',170183.68),(1160,6,2,1,434656.00,'2004-07-13','789325640',69544.96),(1161,2,1,1,508924.00,'2004-09-03','76584239',81427.84),(1162,7,1,2,1403595.00,'2004-10-02','76584239',224575.20),(1163,1,2,2,1561432.00,'2004-07-01','76584239',249829.12),(1164,4,2,3,1891932.00,'2004-10-02','789325640',302709.12),(1165,1,1,1,731700.00,'2004-10-10','1201474100',117072.00),(1166,3,2,1,563178.00,'2004-08-01','76584239',90108.48),(1167,1,2,3,875228.00,'2004-07-23','789325640',140036.48),(1168,7,2,3,1305480.00,'2004-07-29','1257485369',208876.80),(1169,6,1,1,1361675.00,'2004-08-16','1257485369',217868.00),(1170,3,2,3,1161090.00,'2004-11-23','1236985',185774.40),(1171,4,1,2,1395681.00,'2004-09-13','1236985',223308.96),(1172,2,2,3,1001104.00,'2004-10-11','1201474100',160176.64),(1173,4,2,3,2275500.00,'2004-07-29','1201474100',364080.00),(1174,5,2,2,1370759.00,'2005-01-14','1201474100',219321.44),(1175,7,2,1,1842035.00,'2004-10-15','96320582',294725.60),(1176,2,1,4,2080078.00,'2004-07-14','1257485369',332812.48),(1177,7,1,1,597286.00,'2005-02-20','96320582',95565.76),(1178,7,2,2,1358640.00,'2004-11-13','96320582',217382.40),(1179,6,1,3,558252.00,'2004-10-19','789325640',89320.32),(1180,4,2,2,2400476.00,'2005-03-08','96320582',384076.16),(1181,6,1,1,1131416.00,'2004-08-25','96320582',181026.56),(1182,3,2,4,416936.00,'2004-08-25','1236985',66709.76),(1183,2,1,1,1658835.00,'2004-08-30','1257485369',265413.60),(1184,7,2,3,1431012.00,'2004-09-01','1257485369',228961.92),(1185,3,2,3,513300.00,'2004-10-26','789325640',82128.00),(1186,2,2,4,848328.00,'2005-02-27','1257485369',135732.48),(1187,7,1,3,1874928.00,'2004-06-21','1257485369',299988.48),(1188,4,2,3,367584.00,'2004-08-11','96320582',58813.44),(1189,3,1,3,1323054.00,'2004-08-25','96320582',211688.64),(1190,3,1,2,1446522.00,'2004-09-02','1236985',231443.52),(1191,7,2,3,1447992.00,'2004-10-24','76584239',231678.72),(1192,2,2,4,2109930.00,'2004-08-27','789325640',337588.80),(1193,1,1,2,779868.00,'2004-10-23','1257485369',124778.88),(1194,3,1,4,919030.00,'2004-12-10','789325640',147044.80),(1195,1,2,1,537264.00,'2005-02-08','1236985',85962.24),(1196,5,2,2,1261600.00,'2004-10-25','1257485369',201856.00),(1197,5,1,1,448210.00,'2004-10-25','76584239',71713.60),(1198,7,1,3,431325.00,'2004-07-23','1236985',69012.00),(1199,3,2,2,553616.00,'2005-03-09','76584239',88578.56),(1200,7,2,3,453651.00,'2004-10-07','789325640',72584.16),(1201,3,1,2,986895.00,'2004-09-14','76584239',157903.20),(1202,6,2,2,250852.00,'2004-07-21','1236985',40136.32),(1203,6,1,4,1336717.00,'2004-11-10','1236985',213874.72),(1204,6,2,3,519738.00,'2005-01-13','1236985',83158.08),(1205,4,1,2,720882.00,'2004-08-14','76584239',115341.12),(1206,4,2,1,842343.00,'2005-03-10','789325640',134774.88),(1207,5,2,3,2108343.00,'2004-09-26','76584239',337334.88),(1208,5,2,2,1050985.00,'2004-11-09','76584239',168157.60),(1209,6,1,2,298272.00,'2004-08-13','789325640',47723.52),(1210,3,1,2,902798.00,'2004-07-16','1201474100',144447.68),(1211,3,1,4,692180.00,'2004-11-09','1201474100',110748.80),(1212,3,2,2,2002392.00,'2004-12-04','1201474100',320382.72),(1213,6,1,1,2253500.00,'2005-02-21','96320582',360560.00),(1214,6,1,1,1338124.00,'2004-08-19','1201474100',214099.84),(1215,1,2,1,1369680.00,'2004-09-27','76584239',219148.80),(1216,5,2,1,1643948.00,'2004-09-21','789325640',263031.68),(1217,4,1,1,1297594.00,'2005-03-03','1236985',207615.04),(1218,5,1,4,2134246.00,'2004-08-11','1236985',341479.36),(1219,1,1,4,492156.00,'2004-10-25','1236985',78744.96),(1220,7,1,1,1932518.00,'2005-01-19','76584239',309202.88),(1221,2,2,2,1385011.00,'2004-08-26','1236985',221601.76),(1222,5,1,2,1219158.00,'2004-07-13','76584239',195065.28),(1223,2,2,3,1494892.00,'2005-02-02','789325640',239182.72),(1224,2,1,1,1398600.00,'2004-11-03','1201474100',223776.00),(1225,7,1,3,461435.00,'2004-12-31','1236985',73829.60),(1226,2,1,2,351256.00,'2005-03-28','1201474100',56200.96),(1227,2,1,1,1042283.00,'2004-09-17','1257485369',166765.28),(1228,1,1,4,474600.00,'2004-08-27','76584239',75936.00),(1229,3,1,2,420660.00,'2004-10-02','789325640',67305.60),(1230,7,1,2,489924.00,'2004-09-09','1201474100',78387.84),(1231,4,2,3,1032000.00,'2004-08-21','1201474100',165120.00),(1232,5,1,4,1069320.00,'2004-12-15','1257485369',171091.20),(1233,3,1,3,1133132.00,'2004-08-29','96320582',181301.12),(1234,1,2,1,1670965.00,'2004-09-09','1201474100',267354.40),(1235,3,2,2,2010619.00,'2004-11-12','1257485369',321699.04),(1236,4,2,3,739206.00,'2005-01-25','1236985',118272.96),(1237,4,1,3,1382166.00,'2005-03-01','76584239',221146.56),(1238,3,1,4,665951.00,'2005-02-18','76584239',106552.16),(1239,4,2,3,1479548.00,'2004-11-03','789325640',236727.68),(1240,3,1,2,1362348.00,'2004-10-05','96320582',217975.68),(1241,7,2,2,1722700.00,'2005-03-26','1236985',275632.00),(1242,7,2,1,848358.00,'2004-11-02','76584239',135737.28),(1243,2,2,2,2104286.00,'2004-08-26','1236985',336685.76),(1244,6,2,3,1748850.00,'2004-10-07','76584239',279816.00),(1245,1,1,4,995520.00,'2005-02-01','1257485369',159283.20),(1246,6,1,1,2338032.00,'2005-01-02','76584239',374085.12),(1247,5,2,4,1298716.00,'2004-12-03','1201474100',207794.56),(1248,3,2,1,2038660.00,'2004-07-26','1236985',326185.60),(1249,7,2,4,656535.00,'2004-08-16','1257485369',105045.60),(1250,3,2,1,1870546.00,'2005-03-31','1201474100',299287.36),(1251,3,1,3,1431076.00,'2004-12-22','789325640',228972.16),(1252,1,2,4,1176597.00,'2004-07-07','96320582',188255.52),(1253,3,2,2,1936102.00,'2005-04-08','1257485369',309776.32),(1254,2,1,4,1582527.00,'2004-12-09','1257485369',253204.32),(1255,7,1,2,873120.00,'2004-12-26','76584239',139699.20),(1256,2,2,3,2026401.00,'2004-12-13','96320582',324224.16),(1257,6,1,1,747075.00,'2005-02-01','76584239',119532.00),(1258,7,2,1,1130632.00,'2005-01-22','76584239',180901.12),(1259,5,1,1,1622040.00,'2004-10-15','789325640',259526.40),(1260,5,2,3,567206.00,'2004-08-08','789325640',90752.96),(1261,6,2,2,379689.00,'2004-10-29','76584239',60750.24),(1262,3,1,4,424536.00,'2005-03-04','76584239',67925.76),(1263,2,2,2,1620304.00,'2004-10-05','1236985',259248.64),(1264,7,1,1,1220697.00,'2005-02-09','1236985',195311.52),(1265,7,1,4,1099648.00,'2005-02-13','789325640',175943.68),(1266,5,2,3,1183212.00,'2005-02-26','1201474100',189313.92),(1267,6,1,3,1750014.00,'2004-12-09','1201474100',280002.24),(1268,1,1,1,1107108.00,'2005-04-07','96320582',177137.28),(1269,1,1,4,1449629.00,'2004-09-14','1201474100',231940.64),(1270,4,1,4,1006988.00,'2004-08-06','789325640',161118.08),(1271,5,1,3,1770912.00,'2005-03-02','1257485369',283345.92),(1272,5,2,4,927255.00,'2004-11-21','1201474100',148360.80),(1273,5,1,3,1125792.00,'2004-09-16','1257485369',180126.72),(1274,1,2,2,1291116.00,'2004-09-27','1236985',206578.56),(1275,2,1,2,968250.00,'2005-02-15','789325640',154920.00),(1276,5,2,1,446888.00,'2004-09-01','789325640',71502.08),(1277,5,1,3,1342906.00,'2004-10-31','96320582',214864.96),(1278,3,1,1,1093281.00,'2005-01-02','1257485369',174924.96),(1279,7,2,1,2409210.00,'2004-09-03','1236985',385473.60),(1280,6,1,1,722880.00,'2005-02-14','96320582',115660.80),(1281,6,1,1,1102880.00,'2005-03-17','1257485369',176460.80),(1282,3,1,2,1079449.00,'2004-11-20','76584239',172711.84),(1283,4,1,2,1039500.00,'2004-11-17','76584239',166320.00),(1284,5,2,4,2038586.00,'2005-01-06','1257485369',326173.76),(1285,7,1,2,853750.00,'2004-08-25','1236985',136600.00),(1286,7,2,2,1414956.00,'2005-02-26','789325640',226392.96),(1287,4,2,4,881804.00,'2004-08-25','76584239',141088.64),(1288,4,2,2,1081278.00,'2005-04-13','1236985',173004.48),(1289,1,2,2,2534505.00,'2004-12-28','1257485369',405520.80),(1290,4,1,3,1336298.00,'2004-11-27','76584239',213807.68),(1291,7,1,2,2404898.00,'2004-10-20','1201474100',384783.68),(1292,2,1,3,712712.00,'2005-01-10','1257485369',114033.92),(1293,2,2,4,523770.00,'2005-01-24','1257485369',83803.20),(1294,2,1,4,1360800.00,'2004-07-22','1257485369',217728.00),(1295,1,1,1,924294.00,'2005-01-19','1201474100',147887.04),(1296,7,2,1,895359.00,'2005-02-17','76584239',143257.44),(1297,4,1,2,1437818.00,'2005-03-27','1257485369',230050.88),(1298,1,1,3,1877675.00,'2004-09-11','76584239',300428.00),(1299,5,2,4,258444.00,'2005-03-08','76584239',41351.04),(1300,5,2,2,430418.00,'2005-02-09','1201474100',68866.88),(1301,4,2,2,589960.00,'2005-03-18','1236985',94393.60),(1302,4,2,2,786695.00,'2004-11-21','1201474100',125871.20),(1303,5,1,4,1773780.00,'2005-03-28','76584239',283804.80),(1304,7,1,2,2699136.00,'2004-07-28','76584239',431861.76),(1305,2,2,4,600596.00,'2004-11-23','1201474100',96095.36),(1306,2,2,2,307170.00,'2005-04-16','96320582',49147.20),(1307,7,1,3,683230.00,'2005-02-06','1236985',109316.80),(1308,1,1,3,1458176.00,'2005-02-12','1236985',233308.16),(1309,2,1,2,1171894.00,'2005-03-22','76584239',187503.04),(1310,4,2,2,1728221.00,'2004-08-30','1236985',276515.36),(1311,1,1,4,2612566.00,'2005-02-16','76584239',418010.56),(1312,4,2,2,1150380.00,'2004-11-18','96320582',184060.80),(1313,6,2,1,1055912.00,'2004-09-28','1257485369',168945.92),(1314,2,2,1,1645616.00,'2005-04-14','1236985',263298.56),(1315,7,1,4,1521216.00,'2005-03-16','1236985',243394.56),(1316,6,1,1,1763517.00,'2004-09-06','1201474100',282162.72),(1317,2,2,1,792792.00,'2004-09-23','76584239',126846.72),(1318,7,2,1,605425.00,'2004-12-29','1236985',96868.00),(1319,2,2,2,1579284.00,'2005-01-07','1201474100',252685.44),(1320,3,1,4,391391.00,'2005-02-13','1201474100',62622.56),(1321,7,1,3,1386900.00,'2005-03-21','96320582',221904.00),(1322,1,1,4,2439971.00,'2005-02-14','96320582',390395.36),(1323,2,1,4,2571111.00,'2005-02-07','1236985',411377.76),(1324,5,1,4,1754992.00,'2004-08-26','1257485369',280798.72),(1325,7,1,1,440772.00,'2004-11-17','1257485369',70523.52),(1326,6,2,3,961368.00,'2004-09-04','1201474100',153818.88),(1327,2,1,2,2456159.00,'2004-08-04','789325640',392985.44),(1328,2,1,2,977740.00,'2004-08-12','76584239',156438.40),(1329,7,2,4,255906.00,'2004-11-09','789325640',40944.96),(1330,5,2,4,1592166.00,'2004-10-15','789325640',254746.56),(1331,7,1,4,876060.00,'2004-12-31','1236985',140169.60),(1332,6,2,2,332400.00,'2004-08-30','96320582',53184.00),(1333,2,1,4,1227224.00,'2004-10-08','1201474100',196355.84),(1334,7,2,3,1022040.00,'2005-03-28','1257485369',163526.40),(1335,7,2,4,1369368.00,'2005-04-17','1257485369',219098.88),(1336,2,2,1,1922325.00,'2004-11-11','789325640',307572.00),(1337,5,1,2,1189250.00,'2004-10-26','76584239',190280.00),(1338,5,1,4,990355.00,'2004-12-08','1201474100',158456.80),(1339,3,1,2,877680.00,'2005-03-31','1201474100',140428.80),(1340,6,2,4,803000.00,'2004-08-25','1257485369',128480.00),(1341,2,1,3,2110966.00,'2005-01-22','76584239',337754.56),(1342,6,2,1,634920.00,'2005-04-27','96320582',101587.20),(1343,3,1,3,1394461.00,'2005-01-28','789325640',223113.76),(1344,4,2,2,413610.00,'2004-09-15','76584239',66177.60),(1345,4,1,4,361661.00,'2005-01-28','1236985',57865.76),(1346,7,1,2,683175.00,'2004-09-04','96320582',109308.00),(1347,7,2,1,783783.00,'2004-12-01','1257485369',125405.28),(1348,1,2,3,1990697.00,'2004-11-02','76584239',318511.52),(1349,3,1,1,1992228.00,'2004-12-21','76584239',318756.48),(1350,5,2,4,1178100.00,'2004-11-12','1201474100',188496.00),(1351,1,2,4,1083466.00,'2004-09-19','1257485369',173354.56),(1352,2,1,3,1263495.00,'2005-01-01','1257485369',202159.20),(1353,3,2,3,1320676.00,'2004-12-23','76584239',211308.16),(1354,2,2,4,851852.00,'2004-09-18','1236985',136296.32),(1355,4,1,2,1560889.00,'2005-03-26','96320582',249742.24),(1356,5,2,3,1398852.00,'2004-11-01','789325640',223816.32),(1357,4,2,2,680830.00,'2004-09-21','789325640',108932.80),(1358,6,1,2,418725.00,'2005-04-24','76584239',66996.00),(1359,1,2,3,2060550.00,'2004-10-10','1201474100',329688.00),(1360,6,1,3,1980185.00,'2004-08-14','1236985',316829.60),(1361,6,2,2,885476.00,'2005-03-30','1236985',141676.16),(1362,4,1,3,1181686.00,'2004-10-15','1236985',189069.76),(1363,5,1,1,830830.00,'2005-02-03','1201474100',132932.80),(1364,7,2,2,1707944.00,'2004-08-19','76584239',273271.04),(1365,6,2,4,1180048.00,'2004-11-04','96320582',188807.68),(1366,5,2,1,1176630.00,'2005-03-18','1257485369',188260.80),(1367,3,2,4,896220.00,'2005-03-19','1201474100',143395.20),(1368,3,2,1,1505925.00,'2005-03-10','1201474100',240948.00),(1369,1,2,1,732495.00,'2004-12-02','1201474100',117199.20),(1370,7,1,2,378624.00,'2005-03-30','1236985',60579.84),(1371,3,2,1,1257036.00,'2004-12-26','1201474100',201125.76),(1372,3,1,3,673355.00,'2004-10-16','789325640',107736.80),(1373,4,2,1,961192.00,'2005-05-10','1257485369',153790.72),(1374,2,1,1,501220.00,'2005-03-24','1257485369',80195.20),(1375,1,2,2,354320.00,'2004-10-18','1236985',56691.20),(1376,1,1,4,1238339.00,'2004-12-27','1201474100',198134.24),(1377,7,1,3,1377975.00,'2004-09-14','1257485369',220476.00),(1378,4,2,4,1109980.00,'2004-12-08','1201474100',177596.80),(1379,5,1,1,1317529.00,'2005-05-03','1201474100',210804.64),(1380,7,1,4,822811.00,'2005-05-21','76584239',131649.76),(1381,6,1,3,895287.00,'2004-11-13','1257485369',143245.92),(1382,3,2,3,1398630.00,'2005-04-10','789325640',223780.80),(1383,2,1,1,1210053.00,'2004-09-04','1257485369',193608.48),(1384,4,1,4,525210.00,'2005-04-16','76584239',84033.60),(1385,7,1,2,1680000.00,'2004-09-17','789325640',268800.00),(1386,6,2,2,812808.00,'2004-10-13','1257485369',130049.28),(1387,3,2,1,2586704.00,'2005-03-27','1236985',413872.64),(1388,1,2,2,775884.00,'2004-10-21','96320582',124141.44),(1389,7,1,1,2582184.00,'2005-04-24','1201474100',413149.44),(1390,2,1,1,1331166.00,'2004-12-28','96320582',212986.56),(1391,5,2,4,1823400.00,'2004-10-20','96320582',291744.00),(1392,5,2,4,1746405.00,'2005-03-20','1201474100',279424.80),(1393,5,1,2,830760.00,'2004-09-13','76584239',132921.60),(1394,4,2,4,486472.00,'2004-09-04','96320582',77835.52),(1395,5,1,2,835152.00,'2005-02-13','1257485369',133624.32),(1396,4,1,3,882784.00,'2005-02-02','1201474100',141245.44),(1397,5,1,3,389350.00,'2004-12-10','1201474100',62296.00),(1398,7,2,2,1483500.00,'2005-03-29','1236985',237360.00),(1399,6,1,4,1560450.00,'2005-02-06','1257485369',249672.00),(1400,6,2,2,1164375.00,'2005-03-04','76584239',186300.00),(1401,3,1,4,946792.00,'2005-04-17','789325640',151486.72),(1402,1,1,2,1159296.00,'2005-05-23','1236985',185487.36),(1403,5,1,1,1602544.00,'2004-09-07','1257485369',256407.04),(1404,5,2,4,933321.00,'2005-05-10','96320582',149331.36),(1405,2,2,2,427824.00,'2004-11-08','1201474100',68451.84),(1406,2,2,3,483860.00,'2005-01-24','76584239',77417.60),(1407,5,2,3,1225120.00,'2005-01-22','1236985',196019.20),(1408,6,1,4,2682900.00,'2005-06-02','76584239',429264.00),(1409,2,1,1,2188138.00,'2005-01-21','789325640',350102.08),(1410,6,2,2,770040.00,'2005-04-26','1257485369',123206.40),(1411,1,1,1,702576.00,'2005-03-22','1236985',112412.16),(1412,3,2,3,1804992.00,'2005-01-20','1257485369',288798.72),(1413,4,2,4,1883700.00,'2005-02-23','1236985',301392.00),(1414,2,2,4,1383480.00,'2004-12-16','789325640',221356.80),(1415,2,1,4,729788.00,'2005-01-22','76584239',116766.08),(1416,5,2,2,1750089.00,'2005-04-05','1201474100',280014.24),(1417,6,1,1,435252.00,'2004-10-30','1201474100',69640.32),(1418,3,2,2,742770.00,'2004-11-27','1201474100',118843.20),(1419,3,2,2,1268952.00,'2004-10-14','789325640',203032.32),(1420,6,1,3,1527498.00,'2005-05-14','1201474100',244399.68),(1421,7,2,1,425432.00,'2004-09-23','1201474100',68069.12),(1422,5,2,4,386584.00,'2004-12-17','1236985',61853.44),(1423,4,1,1,1287807.00,'2004-09-11','1236985',206049.12),(1424,7,2,4,1381506.00,'2005-04-14','1201474100',221040.96),(1425,2,1,2,2452989.00,'2005-01-26','96320582',392478.24),(1426,5,2,2,952302.00,'2004-12-06','1201474100',152368.32),(1427,6,1,1,1019160.00,'2005-05-29','1236985',163065.60),(1428,7,2,4,1209735.00,'2005-05-05','76584239',193557.60),(1429,6,1,4,637308.00,'2004-11-09','1257485369',101969.28),(1430,3,1,4,1090180.00,'2004-12-16','1201474100',174428.80),(1431,5,2,4,1945755.00,'2004-11-06','1257485369',311320.80),(1432,1,2,2,1117753.00,'2004-12-11','789325640',178840.48),(1433,4,1,1,1042659.00,'2004-10-12','1257485369',166825.44),(1434,6,2,4,583362.00,'2005-05-04','1236985',93337.92),(1435,6,1,1,338364.00,'2005-01-04','1236985',54138.24),(1436,5,1,3,2190493.00,'2004-11-02','1257485369',350478.88),(1437,4,2,3,1388175.00,'2004-10-29','1201474100',222108.00),(1438,7,1,3,1116441.00,'2004-12-19','1257485369',178630.56),(1439,4,1,1,1980300.00,'2005-01-01','96320582',316848.00),(1440,7,2,3,852480.00,'2005-06-04','1236985',136396.80),(1441,3,1,3,1898628.00,'2004-12-15','96320582',303780.48),(1442,2,1,2,1541528.00,'2005-02-03','1257485369',246644.48),(1443,7,2,3,783195.00,'2004-11-20','1236985',125311.20),(1444,5,2,2,909821.00,'2005-05-03','1201474100',145571.36),(1445,4,2,4,1543344.00,'2004-12-26','1201474100',246935.04),(1446,4,1,2,2524358.00,'2004-10-23','1201474100',403897.28),(1447,5,2,4,1077665.00,'2004-09-19','1257485369',172426.40),(1448,5,2,4,790602.00,'2004-11-09','1236985',126496.32),(1449,5,2,3,872063.00,'2005-02-26','76584239',139530.08),(1450,6,1,2,1001070.00,'2004-10-14','1257485369',160171.20),(1451,5,2,4,1005312.00,'2005-06-09','1201474100',160849.92),(1452,3,1,2,189156.00,'2004-11-25','1257485369',30264.96),(1453,1,1,3,419178.00,'2005-03-18','1257485369',67068.48),(1454,5,1,1,1779458.00,'2005-01-24','76584239',284713.28),(1455,3,1,2,1159470.00,'2004-10-02','76584239',185515.20),(1456,3,2,2,788948.00,'2005-04-08','76584239',126231.68),(1457,2,1,1,1674744.00,'2005-05-01','1201474100',267959.04),(1458,4,2,4,406998.00,'2005-04-25','96320582',65119.68),(1459,7,2,1,2097970.00,'2004-11-13','76584239',335675.20),(1460,7,2,2,1616900.00,'2005-04-08','1257485369',258704.00),(1461,4,1,4,458568.00,'2004-10-06','1201474100',73370.88),(1462,5,1,4,2439512.00,'2005-01-02','1236985',390321.92),(1463,6,2,1,1797120.00,'2004-12-31','789325640',287539.20),(1464,7,1,1,511680.00,'2005-06-05','1201474100',81868.80),(1465,6,1,4,587880.00,'2004-10-03','1257485369',94060.80),(1466,4,2,2,590426.00,'2004-11-03','789325640',94468.16),(1467,4,1,4,322322.00,'2005-03-12','96320582',51571.52),(1468,1,2,2,412740.00,'2004-09-26','789325640',66038.40),(1469,4,1,1,924732.00,'2005-04-28','789325640',147957.12),(1470,1,2,2,1962380.00,'2005-06-01','76584239',313980.80),(1471,1,1,2,836836.00,'2005-06-15','1201474100',133893.76),(1472,2,1,1,2628812.00,'2005-03-15','76584239',420609.92),(1473,3,1,3,242704.00,'2004-10-03','96320582',38832.64),(1474,3,2,2,520758.00,'2005-06-16','76584239',83321.28),(1475,3,2,3,870105.00,'2005-04-02','1257485369',139216.80),(1476,1,1,4,546780.00,'2004-12-13','76584239',87484.80),(1477,5,2,3,875544.00,'2004-11-01','1257485369',140087.04),(1478,1,2,1,801350.00,'2005-01-14','76584239',128216.00),(1479,7,2,3,1820016.00,'2005-01-08','789325640',291202.56),(1480,5,1,1,872760.00,'2005-03-26','1236985',139641.60),(1481,7,2,2,1622646.00,'2005-06-23','1257485369',259623.36),(1482,7,1,3,568480.00,'2004-12-03','76584239',90956.80),(1483,4,1,1,851488.00,'2005-05-25','1236985',136238.08),(1484,7,1,1,855442.00,'2004-10-20','1257485369',136870.72),(1485,7,1,1,913248.00,'2005-05-13','1201474100',146119.68),(1486,4,2,2,1028224.00,'2005-05-26','1201474100',164515.84),(1487,7,2,1,530816.00,'2004-10-07','1201474100',84930.56),(1488,4,1,4,1166780.00,'2005-01-10','1257485369',186684.80),(1489,2,2,3,1983123.00,'2005-06-16','789325640',317299.68),(1490,4,2,1,946710.00,'2005-01-04','1236985',151473.60),(1491,1,2,2,1506438.00,'2004-12-03','1201474100',241030.08),(1492,6,1,3,1093608.00,'2005-02-27','1201474100',174977.28),(1493,6,2,2,2199476.00,'2005-06-04','1201474100',351916.16),(1494,1,2,1,2475063.00,'2005-01-21','1236985',396010.08),(1495,6,1,1,1306840.00,'2005-05-17','1236985',209094.40),(1496,1,2,3,253920.00,'2005-01-30','1201474100',40627.20),(1497,5,1,4,1911312.00,'2005-04-08','1201474100',305809.92),(1498,6,1,2,358670.00,'2005-06-04','1201474100',57387.20),(1499,3,2,1,1298328.00,'2005-03-10','1257485369',207732.48),(1500,5,1,1,1948583.00,'2004-12-21','789325640',311773.28),(1501,6,2,4,1729762.00,'2005-07-03','1201474100',276761.92),(1502,4,2,4,2578696.00,'2005-06-28','1201474100',412591.36),(1503,6,1,1,1166065.00,'2004-12-07','1257485369',186570.40),(1504,4,2,2,1316073.00,'2005-04-02','76584239',210571.68),(1505,7,1,3,1004740.00,'2005-07-03','1201474100',160758.40),(1506,1,2,4,531432.00,'2005-05-22','96320582',85029.12),(1507,2,1,1,2238000.00,'2005-05-06','76584239',358080.00),(1508,1,2,1,965006.00,'2005-02-02','76584239',154400.96),(1509,6,1,1,2087904.00,'2005-01-29','1257485369',334064.64),(1510,6,2,4,647352.00,'2005-06-07','789325640',103576.32),(1511,4,2,1,1216254.00,'2005-04-09','789325640',194600.64),(1512,2,2,3,860172.00,'2005-05-16','1201474100',137627.52),(1513,2,1,3,1207195.00,'2004-10-14','1201474100',193151.20),(1514,2,1,3,1032546.00,'2004-11-07','1236985',165207.36),(1515,3,2,4,2297538.00,'2004-11-22','1257485369',367606.08),(1516,5,2,3,428240.00,'2005-02-01','76584239',68518.40),(1517,2,1,4,1175860.00,'2005-07-05','96320582',188137.60),(1518,2,2,1,258560.00,'2005-03-22','1257485369',41369.60),(1519,5,1,3,1782940.00,'2004-11-13','96320582',285270.40),(1520,1,1,4,1841622.00,'2005-01-21','1257485369',294659.52),(1521,1,2,3,741228.00,'2004-12-28','1201474100',118596.48),(1522,4,1,4,262777.00,'2004-12-22','1236985',42044.32),(1523,4,1,4,720902.00,'2005-06-23','1236985',115344.32),(1524,2,2,2,1313526.00,'2005-01-16','76584239',210164.16),(1525,1,2,2,638064.00,'2004-10-24','1201474100',102090.24),(1526,6,1,4,682773.00,'2005-01-30','1201474100',109243.68),(1527,7,1,1,279342.00,'2005-01-24','789325640',44694.72),(1528,5,2,4,740355.00,'2004-12-08','1201474100',118456.80),(1529,1,2,1,1293400.00,'2005-03-03','1236985',206944.00),(1530,7,1,2,1429380.00,'2005-03-25','1236985',228700.80),(1531,6,1,4,1536576.00,'2005-06-24','76584239',245852.16),(1532,5,2,1,1249360.00,'2005-01-09','76584239',199897.60),(1533,5,2,2,1594404.00,'2005-03-07','789325640',255104.64),(1534,2,1,4,935781.00,'2004-11-13','96320582',149724.96),(1535,1,1,1,2273040.00,'2005-02-04','96320582',363686.40),(1536,2,1,1,1414602.00,'2005-06-14','1236985',226336.32),(1537,3,2,1,446856.00,'2005-06-12','789325640',71496.96),(1538,2,1,4,712768.00,'2005-06-14','1236985',114042.88),(1539,3,1,1,999726.00,'2005-02-20','1236985',159956.16),(1540,5,2,3,606024.00,'2005-04-12','1236985',96963.84),(1541,4,2,2,410316.00,'2004-12-27','1201474100',65650.56),(1542,2,1,1,1730680.00,'2005-05-07','1236985',276908.80),(1543,1,2,2,1292123.00,'2005-06-30','96320582',206739.68),(1544,3,1,2,1031121.00,'2005-04-30','1201474100',164979.36),(1545,2,1,2,2161134.00,'2005-03-09','789325640',345781.44),(1546,5,1,4,761793.00,'2005-07-11','789325640',121886.88),(1547,5,1,3,565587.00,'2005-01-25','96320582',90493.92),(1548,1,1,2,251596.00,'2005-06-20','1257485369',40255.36),(1549,4,2,4,1514968.00,'2004-10-24','789325640',242394.88),(1550,2,2,3,564186.00,'2005-01-21','76584239',90269.76),(1551,4,2,3,694331.00,'2005-03-10','1236985',111092.96),(1552,3,2,1,419348.00,'2005-03-12','1257485369',67095.68),(1553,2,2,1,628095.00,'2005-03-08','789325640',100495.20),(1554,1,1,2,1000000.00,'2004-12-13','1257485369',160000.00),(1555,5,2,4,2330042.00,'2004-10-21','1236985',372806.72),(1556,3,2,2,1403988.00,'2005-06-27','1236985',224638.08),(1557,1,1,1,1711325.00,'2005-04-27','1201474100',273812.00),(1558,6,1,2,2215002.00,'2004-10-31','76584239',354400.32),(1559,3,2,4,804625.00,'2005-06-26','1236985',128740.00),(1560,4,2,4,1568754.00,'2004-12-15','76584239',251000.64),(1561,5,2,4,867009.00,'2004-11-21','96320582',138721.44),(1562,6,2,2,1289748.00,'2004-12-25','1201474100',206359.68),(1563,7,2,1,567492.00,'2005-02-08','1236985',90798.72),(1564,6,1,2,1916442.00,'2005-04-14','96320582',306630.72),(1565,6,1,2,1875012.00,'2005-03-08','1201474100',300001.92),(1566,3,1,3,1590104.00,'2004-10-26','76584239',254416.64),(1567,2,1,3,1412175.00,'2004-12-01','76584239',225948.00),(1568,5,1,1,280741.00,'2005-07-01','1257485369',44918.56),(1569,6,1,2,960526.00,'2005-06-21','96320582',153684.16),(1570,6,2,4,1272216.00,'2005-04-27','1257485369',203554.56),(1571,1,1,1,513968.00,'2005-04-30','1257485369',82234.88),(1572,7,2,4,917868.00,'2004-11-15','96320582',146858.88),(1573,3,1,2,1881950.00,'2005-01-15','789325640',301112.00),(1574,3,2,4,469910.00,'2005-01-08','96320582',75185.60),(1575,3,2,1,639999.00,'2005-05-11','1201474100',102399.84),(1576,3,1,3,700398.00,'2005-03-07','1201474100',112063.68),(1577,7,1,1,659808.00,'2005-01-23','76584239',105569.28),(1578,2,1,3,322036.00,'2004-12-20','1257485369',51525.76),(1579,3,1,3,1897155.00,'2005-07-01','1236985',303544.80),(1580,5,2,3,1038825.00,'2004-12-14','1257485369',166212.00),(1581,3,1,1,251430.00,'2005-05-30','1236985',40228.80),(1582,5,1,4,1877400.00,'2005-04-21','96320582',300384.00),(1583,1,2,4,435348.00,'2005-02-20','76584239',69655.68),(1584,4,2,4,889658.00,'2005-06-22','96320582',142345.28),(1585,4,2,2,1571973.00,'2004-12-25','96320582',251515.68),(1586,2,2,2,811780.00,'2005-04-17','1201474100',129884.80),(1587,5,2,3,1634884.00,'2005-07-20','789325640',261581.44),(1588,1,2,3,1742020.00,'2004-11-16','1257485369',278723.20),(1589,2,2,1,2584480.00,'2004-11-22','1257485369',413516.80),(1590,3,2,3,1767744.00,'2005-03-23','76584239',282839.04),(1591,1,1,2,1077601.00,'2005-02-07','1201474100',172416.16),(1592,5,1,2,1050203.00,'2005-02-04','96320582',168032.48),(1593,4,1,1,613921.00,'2005-03-23','789325640',98227.36),(1594,6,1,4,1286344.00,'2005-07-02','96320582',205815.04),(1595,3,1,3,469168.00,'2005-03-08','76584239',75066.88),(1596,4,2,3,1372686.00,'2005-06-17','1236985',219629.76),(1597,7,2,3,627570.00,'2005-03-16','1236985',100411.20),(1598,7,1,2,435712.00,'2005-03-31','1201474100',69713.92),(1599,5,1,2,999630.00,'2005-05-01','76584239',159940.80),(1600,7,2,3,1234974.00,'2005-06-23','1236985',197595.84),(1601,2,1,3,1148436.00,'2005-06-29','76584239',183749.76),(1602,2,2,4,1343798.00,'2005-04-15','1257485369',215007.68),(1603,5,2,1,358360.00,'2005-07-23','1201474100',57337.60),(1604,1,2,1,323760.00,'2005-03-15','789325640',51801.60),(1605,1,2,1,735456.00,'2005-05-02','789325640',117672.96),(1606,3,1,1,738568.00,'2005-03-22','96320582',118170.88),(1607,4,1,4,1275646.00,'2005-01-29','76584239',204103.36),(1608,1,1,2,919632.00,'2005-06-23','1201474100',147141.12),(1609,2,2,2,1218763.00,'2005-07-27','96320582',195002.08),(1610,1,1,4,1408182.00,'2005-05-23','1257485369',225309.12),(1611,3,1,1,704323.00,'2005-08-03','1201474100',112691.68),(1612,6,1,1,1817264.00,'2005-06-25','789325640',290762.24),(1613,5,1,1,360765.00,'2005-03-05','789325640',57722.40),(1614,5,2,4,418019.00,'2005-02-22','76584239',66883.04),(1615,7,2,1,1117620.00,'2005-05-12','1236985',178819.20),(1616,7,2,1,1790880.00,'2004-11-18','76584239',286540.80),(1617,3,2,4,1058545.00,'2005-01-23','96320582',169367.20),(1618,1,2,4,2658936.00,'2005-06-21','1201474100',425429.76),(1619,1,1,2,879244.00,'2005-05-06','96320582',140679.04),(1620,2,2,4,1879200.00,'2004-11-19','76584239',300672.00),(1621,1,1,4,1085705.00,'2005-01-28','76584239',173712.80),(1622,3,2,1,1992320.00,'2005-04-07','789325640',318771.20),(1623,6,1,4,1237929.00,'2005-04-13','1201474100',198068.64),(1624,6,2,1,1283980.00,'2005-01-27','1236985',205436.80),(1625,4,1,1,391560.00,'2005-01-20','76584239',62649.60),(1626,7,1,4,705963.00,'2005-03-30','76584239',112954.08),(1627,7,1,4,406290.00,'2005-07-04','1236985',65006.40),(1628,2,2,3,2171128.00,'2005-03-23','1236985',347380.48),(1629,6,2,4,1116348.00,'2005-06-29','1201474100',178615.68),(1630,3,2,3,577656.00,'2005-07-30','789325640',92424.96),(1631,2,2,3,1122352.00,'2005-05-11','1257485369',179576.32),(1632,2,1,2,2171826.00,'2005-01-12','1236985',347492.16),(1633,6,1,3,2061131.00,'2005-07-28','96320582',329780.96),(1634,5,1,1,494758.00,'2005-03-04','789325640',79161.28),(1635,1,1,3,1360828.00,'2005-04-24','1257485369',217732.48),(1636,6,2,2,1427019.00,'2004-12-04','1257485369',228323.04),(1637,5,1,2,1567060.00,'2005-02-19','789325640',250729.60),(1638,5,1,4,1972816.00,'2005-08-14','1236985',315650.56),(1639,6,2,2,1816437.00,'2005-05-10','76584239',290629.92),(1640,5,1,2,1191044.00,'2005-01-11','1201474100',190567.04),(1641,6,1,3,2576432.00,'2005-05-13','789325640',412229.12),(1642,3,1,2,981651.00,'2005-01-17','1257485369',157064.16),(1643,6,1,3,1161477.00,'2005-05-07','789325640',185836.32),(1644,5,1,4,938030.00,'2005-06-03','789325640',150084.80),(1645,1,2,3,915704.00,'2005-01-27','789325640',146512.64),(1646,6,1,2,2646181.00,'2005-07-04','1236985',423388.96),(1647,2,1,3,1243060.00,'2005-07-16','789325640',198889.60),(1648,4,2,2,2306238.00,'2005-03-02','789325640',368998.08),(1649,2,2,2,711382.00,'2005-08-01','1201474100',113821.12),(1650,2,1,1,2338095.00,'2005-08-10','1236985',374095.20),(1651,2,1,3,1162104.00,'2005-05-10','76584239',185936.64),(1652,2,2,3,1917696.00,'2005-02-22','96320582',306831.36),(1653,5,1,1,1192800.00,'2005-07-14','96320582',190848.00),(1654,6,2,4,346256.00,'2005-05-18','1201474100',55400.96),(1655,4,2,2,1153173.00,'2005-03-28','76584239',184507.68),(1656,6,1,1,386354.00,'2005-05-04','76584239',61816.64),(1657,5,2,1,777360.00,'2005-04-21','1236985',124377.60),(1658,6,2,2,1015956.00,'2005-06-17','1257485369',162552.96),(1659,4,1,2,1080548.00,'2004-12-31','789325640',172887.68),(1660,6,2,3,730149.00,'2004-12-25','1236985',116823.84),(1661,4,1,2,1953873.00,'2005-06-10','1201474100',312619.68),(1662,4,2,2,2787016.00,'2005-03-23','1201474100',445922.56),(1663,4,2,3,1773072.00,'2005-04-01','1201474100',283691.52),(1664,1,2,1,1589832.00,'2005-02-28','1201474100',254373.12),(1665,5,2,3,1442870.00,'2005-08-09','76584239',230859.20),(1666,1,1,4,500400.00,'2005-01-22','789325640',80064.00),(1667,6,2,3,1003552.00,'2005-08-05','1236985',160568.32),(1668,3,2,2,1730550.00,'2004-12-09','789325640',276888.00),(1669,5,1,2,1963166.00,'2005-07-27','96320582',314106.56),(1670,3,1,4,463843.00,'2005-02-19','96320582',74214.88),(1671,3,1,2,2057832.00,'2005-03-14','1201474100',329253.12),(1672,3,1,2,1520627.00,'2005-04-20','76584239',243300.32),(1673,7,2,1,1457980.00,'2005-05-09','1201474100',233276.80),(1674,4,2,4,651920.00,'2005-05-09','789325640',104307.20),(1675,5,2,4,1513005.00,'2005-01-21','76584239',242080.80),(1676,5,2,3,1747830.00,'2005-01-14','1201474100',279652.80),(1677,2,2,4,2188597.00,'2005-04-27','789325640',350175.52),(1678,7,1,4,1277930.00,'2005-04-07','1201474100',204468.80),(1679,3,1,3,1225926.00,'2005-05-16','1201474100',196148.16),(1680,2,2,4,479318.00,'2005-04-03','1201474100',76690.88),(1681,5,2,2,1392168.00,'2005-08-04','76584239',222746.88),(1682,4,1,4,329716.00,'2005-05-10','76584239',52754.56),(1683,1,2,2,311563.00,'2004-12-27','1236985',49850.08),(1684,2,1,3,227178.00,'2005-01-24','96320582',36348.48),(1685,2,2,4,1239300.00,'2005-01-29','789325640',198288.00),(1686,7,2,3,1074969.00,'2005-04-16','96320582',171995.04),(1687,6,1,3,1029864.00,'2005-05-06','1236985',164778.24),(1688,2,1,3,1166104.00,'2005-04-08','1257485369',186576.64),(1689,4,2,1,1577692.00,'2005-05-11','96320582',252430.72),(1690,6,1,1,1049433.00,'2005-06-07','1257485369',167909.28),(1691,5,2,3,2285244.00,'2005-03-07','789325640',365639.04),(1692,6,2,2,662316.00,'2005-04-27','1236985',105970.56),(1693,7,1,3,330771.00,'2005-01-05','789325640',52923.36),(1694,6,1,1,1214880.00,'2005-04-09','1201474100',194380.80),(1695,7,2,1,688838.00,'2004-12-13','1201474100',110214.08),(1696,5,2,2,622144.00,'2005-07-05','789325640',99543.04),(1697,5,1,3,723492.00,'2005-07-10','96320582',115758.72),(1698,1,1,2,827062.00,'2005-03-22','96320582',132329.92),(1699,4,2,1,1022883.00,'2005-04-29','789325640',163661.28),(1700,7,2,4,1722407.00,'2004-12-21','1257485369',275585.12),(1701,6,1,1,392832.00,'2005-01-28','789325640',62853.12),(1702,3,2,1,1524585.00,'2005-05-02','76584239',243933.60),(1703,7,1,3,1379328.00,'2005-03-27','1201474100',220692.48),(1704,3,1,4,1570016.00,'2005-08-04','1236985',251202.56),(1705,5,1,2,789140.00,'2005-05-16','1236985',126262.40),(1706,7,1,2,542974.00,'2005-06-14','1201474100',86875.84),(1707,3,1,2,1251315.00,'2005-01-20','1201474100',200210.40),(1708,1,2,2,2023200.00,'2004-12-27','96320582',323712.00),(1709,6,1,2,2553225.00,'2005-01-14','1236985',408516.00),(1710,1,2,3,1341120.00,'2005-07-25','789325640',214579.20),(1711,6,1,4,2540364.00,'2005-04-12','1236985',406458.24),(1712,4,1,3,1165842.00,'2005-02-10','1201474100',186534.72),(1713,6,1,2,1501560.00,'2005-01-05','96320582',240249.60),(1714,2,2,2,1713120.00,'2005-05-27','1236985',274099.20),(1715,2,2,3,1124012.00,'2005-05-03','76584239',179841.92),(1716,1,1,3,1181670.00,'2005-07-13','1257485369',189067.20),(1717,5,2,1,1291636.00,'2005-05-24','789325640',206661.76),(1718,1,2,3,2114035.00,'2004-12-14','1201474100',338245.60),(1719,5,1,1,2280668.00,'2005-07-16','789325640',364906.88),(1720,1,2,4,688463.00,'2005-08-08','1201474100',110154.08),(1721,1,1,1,2135210.00,'2005-05-14','76584239',341633.60),(1722,4,1,1,329681.00,'2005-01-19','1257485369',52748.96),(1723,4,1,4,1793848.00,'2005-09-03','1201474100',287015.68),(1724,3,1,3,457498.00,'2005-02-23','1257485369',73199.68),(1725,7,1,2,736092.00,'2005-02-26','789325640',117774.72),(1726,4,2,3,1565839.00,'2005-06-15','76584239',250534.24),(1727,1,2,3,2216608.00,'2005-07-09','1201474100',354657.28),(1728,2,2,3,266596.00,'2005-04-23','1201474100',42655.36),(1729,2,1,2,611546.00,'2005-02-10','1236985',97847.36),(1730,1,1,2,518508.00,'2005-02-16','789325640',82961.28),(1731,4,1,4,2085373.00,'2005-07-07','96320582',333659.68),(1732,4,1,4,901980.00,'2005-02-07','1236985',144316.80),(1733,5,2,2,1081360.00,'2005-05-03','789325640',173017.60),(1734,7,1,2,1168440.00,'2004-12-30','1201474100',186950.40),(1735,7,2,4,585746.00,'2005-05-03','76584239',93719.36),(1736,1,1,1,1905187.00,'2005-09-15','76584239',304829.92),(1737,5,1,3,1830664.00,'2005-01-02','76584239',292906.24),(1738,1,2,2,555246.00,'2005-04-10','96320582',88839.36),(1739,7,2,3,652743.00,'2004-12-23','76584239',104438.88),(1740,4,1,2,1225244.00,'2005-08-07','1257485369',196039.04),(1741,6,2,1,644470.00,'2005-06-22','789325640',103115.20),(1742,4,1,4,588023.00,'2005-06-26','96320582',94083.68),(1743,2,2,4,840560.00,'2005-06-29','76584239',134489.60),(1744,7,1,1,780980.00,'2005-07-20','96320582',124956.80),(1745,7,1,1,1201578.00,'2005-01-31','1201474100',192252.48),(1746,6,2,4,1527750.00,'2005-02-10','1201474100',244440.00),(1747,5,1,4,2328418.00,'2005-01-06','96320582',372546.88),(1748,5,2,3,1184274.00,'2005-07-28','789325640',189483.84),(1749,7,2,4,1330236.00,'2004-12-27','76584239',212837.76),(1750,3,2,1,542864.00,'2005-09-08','789325640',86858.24),(1751,1,2,4,538065.00,'2005-06-19','1257485369',86090.40),(1752,7,2,1,445295.00,'2005-01-30','76584239',71247.20),(1753,4,1,3,761056.00,'2005-04-11','1257485369',121768.96),(1754,7,1,4,1355470.00,'2004-12-24','789325640',216875.20),(1755,2,1,2,2145480.00,'2005-06-21','789325640',343276.80),(1756,3,2,1,679554.00,'2005-09-16','76584239',108728.64),(1757,5,1,2,1335936.00,'2005-07-14','1236985',213749.76),(1758,5,2,2,556116.00,'2005-09-11','1201474100',88978.56),(1759,3,2,4,1509872.00,'2005-08-05','1201474100',241579.52),(1760,3,2,1,399655.00,'2005-08-13','1201474100',63944.80),(1761,6,1,3,1206557.00,'2005-05-20','789325640',193049.12),(1762,4,2,3,2202655.00,'2005-04-16','76584239',352424.80),(1763,2,1,3,308850.00,'2005-08-10','76584239',49416.00),(1764,2,2,4,306726.00,'2005-06-16','1257485369',49076.16),(1765,6,2,4,1535168.00,'2005-07-26','1201474100',245626.88),(1766,6,1,3,823680.00,'2005-01-19','789325640',131788.80),(1767,1,1,4,1695330.00,'2005-07-14','96320582',271252.80),(1768,3,2,2,411700.00,'2005-01-05','1236985',65872.00),(1769,5,2,4,371712.00,'2005-08-14','789325640',59473.92),(1770,6,1,2,2411808.00,'2005-02-28','96320582',385889.28),(1771,4,1,2,1122240.00,'2005-08-27','76584239',179558.40),(1772,3,1,2,2354481.00,'2005-01-26','1236985',376716.96),(1773,6,1,2,1044480.00,'2005-04-17','1257485369',167116.80),(1774,6,1,4,510150.00,'2005-05-07','1257485369',81624.00),(1775,6,2,2,1213212.00,'2005-06-24','1236985',194113.92),(1776,1,2,4,1162131.00,'2005-08-25','76584239',185940.96),(1777,4,2,1,1343840.00,'2005-04-17','1236985',215014.40),(1778,2,2,2,223564.00,'2005-09-26','1201474100',35770.24),(1779,7,2,4,1363948.00,'2005-01-02','1257485369',218231.68),(1780,7,2,1,484744.00,'2005-05-27','96320582',77559.04),(1781,3,1,3,2332152.00,'2005-06-05','96320582',373144.32),(1782,3,2,1,1606500.00,'2005-07-25','1236985',257040.00),(1783,5,2,1,411160.00,'2005-02-15','96320582',65785.60),(1784,7,1,3,611796.00,'2005-06-18','1201474100',97887.36),(1785,3,1,4,1554732.00,'2005-08-17','1257485369',248757.12),(1786,3,1,3,1877760.00,'2005-04-14','789325640',300441.60),(1787,3,2,3,1607280.00,'2005-03-28','1236985',257164.80),(1788,7,1,1,1217390.00,'2005-04-27','1201474100',194782.40),(1789,7,2,2,299996.00,'2005-09-02','789325640',47999.36),(1790,4,1,2,1455693.00,'2005-01-28','96320582',232910.88),(1791,5,1,3,778706.00,'2005-09-11','789325640',124592.96),(1792,1,1,4,1685148.00,'2005-10-05','1201474100',269623.68),(1793,5,2,1,913248.00,'2005-07-03','1257485369',146119.68),(1794,1,2,4,2064879.00,'2005-05-07','789325640',330380.64),(1795,1,2,2,853852.00,'2005-09-25','1236985',136616.32),(1796,6,2,4,1781849.00,'2005-07-23','1201474100',285095.84),(1797,6,2,3,647460.00,'2005-03-10','1201474100',103593.60),(1798,2,2,2,869196.00,'2005-07-28','1257485369',139071.36),(1799,6,2,3,1565120.00,'2005-10-02','96320582',250419.20),(1800,6,2,1,507320.00,'2005-09-06','789325640',81171.20),(1801,4,2,3,1522946.00,'2005-03-09','96320582',243671.36),(1802,1,1,3,338476.00,'2005-05-19','1257485369',54156.16),(1803,1,1,1,950290.00,'2005-06-08','1236985',152046.40),(1804,4,2,4,1442280.00,'2005-05-04','1257485369',230764.80),(1805,6,2,2,1478742.00,'2005-09-24','1257485369',236598.72),(1806,7,1,3,2209822.00,'2005-02-27','1257485369',353571.52),(1807,3,1,3,653250.00,'2005-02-19','789325640',104520.00),(1808,3,1,3,1323198.00,'2005-08-26','1257485369',211711.68),(1809,7,2,1,1106028.00,'2005-02-27','789325640',176964.48),(1810,3,1,3,1115409.00,'2005-03-14','789325640',178465.44),(1811,2,2,2,580032.00,'2005-03-28','1257485369',92805.12),(1812,6,1,4,1469178.00,'2005-02-18','76584239',235068.48),(1813,4,2,2,415552.00,'2005-01-16','1201474100',66488.32),(1814,7,1,3,1891736.00,'2005-07-18','789325640',302677.76),(1815,4,1,2,630224.00,'2005-04-09','96320582',100835.84),(1816,1,2,3,1292484.00,'2005-10-01','76584239',206797.44),(1817,2,2,4,334305.00,'2005-09-25','1236985',53488.80),(1818,2,2,1,1805518.00,'2005-08-30','1236985',288882.88),(1819,4,2,3,2208252.00,'2005-04-21','76584239',353320.32),(1820,1,2,2,733470.00,'2005-04-04','76584239',117355.20),(1821,4,1,4,1627200.00,'2005-01-27','1201474100',260352.00),(1822,2,2,3,1690416.00,'2005-09-04','76584239',270466.56),(1823,5,1,4,2180104.00,'2005-07-19','96320582',348816.64),(1824,7,1,4,878638.00,'2005-05-05','96320582',140582.08),(1825,7,1,3,244608.00,'2005-04-21','76584239',39137.28),(1826,5,2,4,562632.00,'2005-09-01','1201474100',90021.12),(1827,6,1,3,1688170.00,'2005-07-17','1257485369',270107.20),(1828,5,2,2,1392006.00,'2005-07-12','789325640',222720.96),(1829,2,2,3,1628333.00,'2005-08-09','789325640',260533.28),(1830,5,2,1,992793.00,'2005-03-20','1236985',158846.88),(1831,6,1,2,484560.00,'2005-08-24','1257485369',77529.60),(1832,3,2,3,866880.00,'2005-09-01','1201474100',138700.80),(1833,4,1,2,1709567.00,'2005-06-10','1257485369',273530.72),(1834,2,2,3,1391809.00,'2005-08-06','76584239',222689.44),(1835,2,1,4,1278774.00,'2005-04-06','76584239',204603.84),(1836,3,2,1,1218888.00,'2005-03-04','96320582',195022.08),(1837,3,2,1,1409551.00,'2005-04-23','1257485369',225528.16),(1838,5,2,2,880900.00,'2005-07-04','1236985',140944.00),(1839,1,1,3,574200.00,'2005-05-19','1236985',91872.00),(1840,4,1,1,1968632.00,'2005-10-23','76584239',314981.12),(1841,1,2,4,592103.00,'2005-03-21','1257485369',94736.48),(1842,5,2,1,1276800.00,'2005-07-25','1236985',204288.00),(1843,7,2,3,2124596.00,'2005-02-21','1236985',339935.36),(1844,3,2,2,1021334.00,'2005-05-21','96320582',163413.44),(1845,6,1,2,583110.00,'2005-02-19','96320582',93297.60),(1846,3,2,1,1029178.00,'2005-07-13','96320582',164668.48),(1847,5,1,2,1040478.00,'2005-04-29','1236985',166476.48),(1848,6,2,2,1061160.00,'2005-04-13','1201474100',169785.60),(1849,7,2,4,942196.00,'2005-08-31','96320582',150751.36),(1850,1,2,4,1712725.00,'2005-03-12','1236985',274036.00),(1851,3,1,3,593021.00,'2005-02-28','1201474100',94883.36),(1852,2,2,3,1485680.00,'2005-10-23','1201474100',237708.80),(1853,7,1,3,2214984.00,'2005-09-22','96320582',354397.44),(1854,6,1,2,731929.00,'2005-06-27','76584239',117108.64),(1855,4,1,3,1566129.00,'2005-04-06','1257485369',250580.64),(1856,1,2,3,1003320.00,'2005-07-18','1236985',160531.20),(1857,6,1,2,1391091.00,'2005-06-16','1236985',222574.56),(1858,1,1,2,1032118.00,'2005-06-16','1201474100',165138.88),(1859,1,1,2,1768020.00,'2005-04-27','1201474100',282883.20),(1860,6,2,3,1708716.00,'2005-03-16','1257485369',273394.56),(1861,6,1,1,2430272.00,'2005-03-26','1236985',388843.52),(1862,7,2,2,1650200.00,'2005-08-28','1236985',264032.00),(1863,2,2,4,995657.00,'2005-06-29','1257485369',159305.12),(1864,2,2,2,2379048.00,'2005-09-08','789325640',380647.68),(1865,4,1,1,1821758.00,'2005-06-11','1201474100',291481.28),(1866,7,2,4,397540.00,'2005-05-22','96320582',63606.40),(1867,6,2,1,2242656.00,'2005-02-11','1257485369',358824.96),(1868,6,1,2,891456.00,'2005-07-28','76584239',142632.96),(1869,3,1,4,631560.00,'2005-10-28','96320582',101049.60),(1870,4,1,4,2328636.00,'2005-03-10','1201474100',372581.76),(1871,2,2,2,553608.00,'2005-02-04','1201474100',88577.28),(1872,5,1,2,523160.00,'2005-09-11','96320582',83705.60),(1873,5,2,2,1054544.00,'2005-09-18','789325640',168727.04),(1874,7,2,3,418692.00,'2005-09-10','1201474100',66990.72),(1875,7,2,3,912114.00,'2005-09-20','96320582',145938.24),(1876,5,1,1,1082079.00,'2005-09-07','1236985',173132.64),(1877,2,2,3,1951180.00,'2005-04-06','1201474100',312188.80),(1878,1,1,3,726352.00,'2005-06-13','96320582',116216.32),(1879,6,1,2,1390460.00,'2005-08-29','1257485369',222473.60),(1880,2,1,1,2923155.00,'2005-05-06','1201474100',467704.80),(1881,6,2,3,458560.00,'2005-02-22','76584239',73369.60),(1882,4,1,2,1259202.00,'2005-05-03','76584239',201472.32),(1883,2,2,3,968658.00,'2005-06-29','789325640',154985.28),(1884,4,1,1,549120.00,'2005-03-16','1236985',87859.20),(1885,2,1,4,1372135.00,'2005-04-18','76584239',219541.60),(1886,4,2,1,1070307.00,'2005-07-10','76584239',171249.12),(1887,5,1,1,1542784.00,'2005-06-24','96320582',246845.44),(1888,1,1,1,645569.00,'2005-06-10','1236985',103291.04),(1889,3,2,3,970420.00,'2005-08-28','1201474100',155267.20),(1890,6,2,2,1370964.00,'2005-10-22','789325640',219354.24),(1891,6,2,2,590875.00,'2005-09-20','1236985',94540.00),(1892,1,1,1,719213.00,'2005-02-23','1257485369',115074.08),(1893,6,2,2,1191281.00,'2005-06-28','96320582',190604.96),(1894,7,1,4,1356160.00,'2005-11-08','1201474100',216985.60),(1895,4,1,1,412395.00,'2005-07-31','789325640',65983.20),(1896,4,1,1,1420012.00,'2005-10-31','76584239',227201.92),(1897,4,2,3,1598520.00,'2005-10-11','76584239',255763.20),(1898,1,2,2,2543625.00,'2005-08-29','76584239',406980.00),(1899,1,1,3,2025638.00,'2005-05-04','789325640',324102.08),(1900,1,2,3,1115604.00,'2005-09-21','76584239',178496.64),(1901,5,1,1,610696.00,'2005-05-04','1257485369',97711.36),(1902,2,1,4,1341024.00,'2005-09-12','1257485369',214563.84),(1903,6,1,3,1340632.00,'2005-09-24','1201474100',214501.12),(1904,7,1,1,581568.00,'2005-02-15','1236985',93050.88),(1905,1,2,4,2449452.00,'2005-03-14','1257485369',391912.32),(1906,3,2,4,315810.00,'2005-06-14','1257485369',50529.60),(1907,1,1,4,1072768.00,'2005-04-02','76584239',171642.88),(1908,5,1,2,1653456.00,'2005-07-18','76584239',264552.96),(1909,4,1,4,2722146.00,'2005-11-05','96320582',435543.36),(1910,7,1,3,1029367.00,'2005-05-05','1236985',164698.72),(1911,6,2,4,455762.00,'2005-07-25','76584239',72921.92),(1912,3,1,2,479892.00,'2005-11-11','96320582',76782.72),(1913,2,1,3,500140.00,'2005-10-27','76584239',80022.40),(1914,4,1,4,491706.00,'2005-07-03','1257485369',78672.96),(1915,5,2,2,933444.00,'2005-04-17','76584239',149351.04),(1916,2,2,3,1204595.00,'2005-04-15','1236985',192735.20),(1917,6,1,3,1506853.00,'2005-11-16','1257485369',241096.48),(1918,3,1,4,1036665.00,'2005-11-08','76584239',165866.40),(1919,7,1,1,1967400.00,'2005-08-30','76584239',314784.00),(1920,7,1,1,1676500.00,'2005-08-30','76584239',268240.00),(1921,6,2,2,366480.00,'2005-09-19','76584239',58636.80),(1922,4,2,2,1869885.00,'2005-08-10','1257485369',299181.60),(1923,6,1,1,1511095.00,'2005-08-20','789325640',241775.20),(1924,5,2,3,1719757.00,'2005-08-28','76584239',275161.12),(1925,2,1,1,1662089.00,'2005-06-29','1236985',265934.24),(1926,1,1,1,1311660.00,'2005-10-11','789325640',209865.60),(1927,2,2,4,1242042.00,'2005-08-08','1201474100',198726.72),(1928,7,2,3,1273030.00,'2005-06-16','1201474100',203684.80),(1929,4,2,1,1238202.00,'2005-05-11','96320582',198112.32),(1930,7,2,3,1440742.00,'2005-07-09','1236985',230518.72),(1931,5,1,2,2213909.00,'2005-05-10','1201474100',354225.44),(1932,5,1,1,2039512.00,'2005-10-11','96320582',326321.92),(1933,7,1,4,2376550.00,'2005-10-19','1201474100',380248.00),(1934,7,1,4,709700.00,'2005-03-16','1236985',113552.00),(1935,2,1,4,1615647.00,'2005-06-06','96320582',258503.52),(1936,3,1,3,410260.00,'2005-10-29','1236985',65641.60),(1937,3,2,3,1604687.00,'2005-03-05','1201474100',256749.92),(1938,7,2,1,2053384.00,'2005-11-13','1236985',328541.44),(1939,5,2,1,754435.00,'2005-04-23','96320582',120709.60),(1940,5,1,3,795000.00,'2005-10-17','1201474100',127200.00),(1941,1,1,2,2212740.00,'2005-10-10','1257485369',354038.40),(1942,4,1,1,1373008.00,'2005-06-09','76584239',219681.28),(1943,5,1,2,573040.00,'2005-11-01','789325640',91686.40),(1944,2,1,2,1932552.00,'2005-10-20','789325640',309208.32),(1945,3,2,4,766774.00,'2005-03-24','76584239',122683.84),(1946,2,1,2,1962360.00,'2005-05-17','76584239',313977.60),(1947,2,2,4,1662822.00,'2005-07-11','1201474100',266051.52),(1948,2,2,4,614244.00,'2005-05-11','1257485369',98279.04),(1949,2,1,3,1485915.00,'2005-04-29','1236985',237746.40),(1950,6,2,3,1273000.00,'2005-06-16','1236985',203680.00),(1951,6,1,2,558030.00,'2005-12-01','1236985',89284.80),(1952,6,2,3,894888.00,'2005-03-26','76584239',143182.08),(1953,6,2,2,1447551.00,'2005-09-13','76584239',231608.16),(1954,7,2,1,474624.00,'2005-03-25','1236985',75939.84),(1955,6,1,2,1725597.00,'2005-07-07','76584239',276095.52),(1956,5,1,4,1241562.00,'2005-07-27','789325640',198649.92),(1957,6,2,2,2153852.00,'2005-03-11','76584239',344616.32),(1958,4,2,4,307255.00,'2005-10-11','1236985',49160.80),(1959,2,2,4,954808.00,'2005-06-18','789325640',152769.28),(1960,1,1,2,1510320.00,'2005-10-19','1236985',241651.20),(1961,5,2,1,330956.00,'2005-09-18','789325640',52952.96),(1962,7,2,2,1938400.00,'2005-08-25','789325640',310144.00),(1963,6,2,3,509840.00,'2005-05-21','1236985',81574.40),(1964,1,1,3,368760.00,'2005-07-30','1201474100',59001.60),(1965,3,1,3,1071667.00,'2005-05-26','1236985',171466.72),(1966,5,2,3,1872876.00,'2005-05-16','789325640',299660.16),(1967,7,2,2,1732500.00,'2005-07-10','96320582',277200.00),(1968,5,1,2,535584.00,'2005-10-22','1236985',85693.44),(1969,4,1,4,1271592.00,'2005-07-13','96320582',203454.72),(1970,3,2,1,1593720.00,'2005-05-28','76584239',254995.20),(1971,7,2,2,1038590.00,'2005-07-15','1201474100',166174.40),(1972,2,2,2,525616.00,'2005-08-15','96320582',84098.56),(1973,6,1,1,1994532.00,'2005-04-22','789325640',319125.12),(1974,6,2,2,722925.00,'2005-03-18','1236985',115668.00),(1975,3,1,1,769824.00,'2005-10-03','1257485369',123171.84),(1976,6,2,1,2581552.00,'2005-10-22','76584239',413048.32),(1977,6,1,2,1193408.00,'2005-06-07','1201474100',190945.28),(1978,6,2,1,1145600.00,'2005-09-22','789325640',183296.00),(1979,6,2,2,1059303.00,'2005-07-27','96320582',169488.48),(1980,1,1,1,600642.00,'2005-08-20','1257485369',96102.72),(1981,5,1,1,920144.00,'2005-12-10','1257485369',147223.04),(1982,7,2,1,409563.00,'2005-07-30','76584239',65530.08),(1983,3,1,4,1236560.00,'2005-11-20','76584239',197849.60),(1984,7,1,4,1494490.00,'2005-04-04','96320582',239118.40),(1985,1,2,3,659295.00,'2005-10-09','789325640',105487.20),(1986,1,1,4,672792.00,'2005-05-23','96320582',107646.72),(1987,7,2,4,589016.00,'2005-10-04','96320582',94242.56),(1988,3,2,2,2273762.00,'2005-11-30','76584239',363801.92),(1989,1,1,4,1588940.00,'2005-08-29','1236985',254230.40),(1990,4,1,4,1127750.00,'2005-04-04','1201474100',180440.00),(1991,7,1,1,1678286.00,'2005-04-20','1257485369',268525.76),(1992,6,1,4,2427300.00,'2005-09-06','76584239',388368.00),(1993,7,1,1,1753240.00,'2005-05-14','96320582',280518.40),(1994,2,2,1,1894752.00,'2005-08-21','1236985',303160.32),(1995,1,1,3,2000475.00,'2005-07-12','1257485369',320076.00),(1996,6,2,1,528120.00,'2005-07-09','96320582',84499.20),(1997,2,2,4,1717898.00,'2005-04-24','76584239',274863.68),(1998,4,2,4,1870757.00,'2005-10-13','1201474100',299321.12),(1999,6,1,2,2326118.00,'2005-07-22','789325640',372178.88),(2000,2,2,3,1911510.00,'2005-06-23','1201474100',305841.60),(2001,3,2,2,1346961.00,'2005-12-20','96320582',215513.76),(2002,4,2,3,1414800.00,'2005-05-29','96320582',226368.00),(2003,5,1,2,690184.00,'2005-05-29','1236985',110429.44),(2004,2,1,2,448932.00,'2005-09-01','76584239',71829.12),(2005,3,2,2,2101743.00,'2005-07-30','1201474100',336278.88),(2006,2,2,2,430743.00,'2005-06-06','76584239',68918.88),(2007,5,2,1,2707200.00,'2005-10-15','1201474100',433152.00);
/*!40000 ALTER TABLE `detalleoperacion` ENABLE KEYS */;
UNLOCK TABLES;

--
-- Table structure for table `tipoinmueble`
--

DROP TABLE IF EXISTS `tipoinmueble`;
/*!40101 SET @saved_cs_client     = @@character_set_client */;
/*!40101 SET character_set_client = utf8 */;
CREATE TABLE `tipoinmueble` (
  `id` int(11) NOT NULL,
  `descripcion` varchar(100) DEFAULT NULL,
  PRIMARY KEY (`id`)
) ENGINE=InnoDB DEFAULT CHARSET=utf8;
/*!40101 SET character_set_client = @saved_cs_client */;

--
-- Dumping data for table `tipoinmueble`
--

LOCK TABLES `tipoinmueble` WRITE;
/*!40000 ALTER TABLE `tipoinmueble` DISABLE KEYS */;
INSERT INTO `tipoinmueble` VALUES (1,'Casa'),(2,'Bodega'),(3,'Local'),(4,'Oficina'),(5,'Parqueadero'),(6,'Apartamento'),(7,'Lote');
/*!40000 ALTER TABLE `tipoinmueble` ENABLE KEYS */;
UNLOCK TABLES;

--
-- Table structure for table `tipooperacion`
--

DROP TABLE IF EXISTS `tipooperacion`;
/*!40101 SET @saved_cs_client     = @@character_set_client */;
/*!40101 SET character_set_client = utf8 */;
CREATE TABLE `tipooperacion` (
  `id` int(11) NOT NULL,
  `operacion` varchar(100) DEFAULT NULL,
  PRIMARY KEY (`id`)
) ENGINE=InnoDB DEFAULT CHARSET=utf8;
/*!40101 SET character_set_client = @saved_cs_client */;

--
-- Dumping data for table `tipooperacion`
--

LOCK TABLES `tipooperacion` WRITE;
/*!40000 ALTER TABLE `tipooperacion` DISABLE KEYS */;
INSERT INTO `tipooperacion` VALUES (1,'Alquiler'),(2,'Venta');
/*!40000 ALTER TABLE `tipooperacion` ENABLE KEYS */;
UNLOCK TABLES;

--
-- Table structure for table `vendedor`
--

DROP TABLE IF EXISTS `vendedor`;
/*!40101 SET @saved_cs_client     = @@character_set_client */;
/*!40101 SET character_set_client = utf8 */;
CREATE TABLE `vendedor` (
  `id` int(11) NOT NULL,
  `nombres` varchar(100) DEFAULT NULL,
  `sexo` varchar(2) DEFAULT NULL,
  `fechanacimiento` date DEFAULT NULL,
  `identificacion` varchar(50) DEFAULT NULL,
  PRIMARY KEY (`id`),
  UNIQUE KEY `vendedor_UN` (`identificacion`)
) ENGINE=InnoDB DEFAULT CHARSET=utf8;
/*!40101 SET character_set_client = @saved_cs_client */;

--
-- Dumping data for table `vendedor`
--

LOCK TABLES `vendedor` WRITE;
/*!40000 ALTER TABLE `vendedor` DISABLE KEYS */;
INSERT INTO `vendedor` VALUES (1,'Carmen','F','1980-12-30','1236985'),(2,'Jesus','M','1990-02-15','1257485369'),(3,'Luisa','F','1985-06-01','1201474100'),(4,'Joaquin','M','1982-03-12','96320582'),(5,'Maria','F','1984-02-28','789325640'),(6,'Pedro','M','1987-07-06','76584239');
/*!40000 ALTER TABLE `vendedor` ENABLE KEYS */;
UNLOCK TABLES;

--
-- Dumping routines for database 'leandropajarof'
--
/*!40103 SET TIME_ZONE=@OLD_TIME_ZONE */;

/*!40101 SET SQL_MODE=@OLD_SQL_MODE */;
/*!40014 SET FOREIGN_KEY_CHECKS=@OLD_FOREIGN_KEY_CHECKS */;
/*!40014 SET UNIQUE_CHECKS=@OLD_UNIQUE_CHECKS */;
/*!40101 SET CHARACTER_SET_CLIENT=@OLD_CHARACTER_SET_CLIENT */;
/*!40101 SET CHARACTER_SET_RESULTS=@OLD_CHARACTER_SET_RESULTS */;
/*!40101 SET COLLATION_CONNECTION=@OLD_COLLATION_CONNECTION */;
/*!40111 SET SQL_NOTES=@OLD_SQL_NOTES */;

-- Dump completed on 2020-11-06 11:30:32
